{
  "manifest": {
    "publishingInformation": {
      "locales": {
        "en-US": {
          "summary": "Educational Quiz for medical board exams",
          "examplePhrases": [
            "Alexa open doctor prompter"
          ],
          "keywords": [
            "Medical",
            "Quiz",
            "Board",
            "Exams",
            "Medical",
            "Study",
            "Medical",
            "Boards",
            "Medical",
            "Test",
            "Board",
            "Test"
          ],
          "name": "Doctor Prompter",
          "description": "This is a study based quiz for medical students preparing to take their board exams. This quiz will help study study random topics or they can choose to only quiz on one topic at a time.",
          "smallIconUri": "file://assets/images/en-US_smallIconUri.png",
          "largeIconUri": "file://assets/images/en-US_largeIconUri.png"
        }
      },
      "automaticDistribution": {
        "isActive": false
      },
      "isAvailableWorldwide": false,
      "testingInstructions": "{\"ask_dist_username\":\"\",\"ask_dist_password\":\"\",\"ask_dist_testing_instructions\":\"Sample Testing Instructions. I do not think there is anything you need to test the code.\"}",
      "category": "EDUCATION_AND_REFERENCE",
      "distributionMode": "PUBLIC",
      "distributionCountries": [
        "US"
      ]
    },
    "apis": {
      "custom": {
        "endpoint": {
          "uri": "arn:aws:lambda:us-east-1:376763332544:function:e7dfc5ea-d75a-45ab-af5c-741cd635ed08:Release_0"
        },
        "interfaces": [],
        "locales": {},
        "regions": {
          "EU": {
            "endpoint": {
              "uri": "arn:aws:lambda:eu-west-1:376763332544:function:e7dfc5ea-d75a-45ab-af5c-741cd635ed08:Release_0"
            }
          },
          "NA": {
            "endpoint": {
              "uri": "arn:aws:lambda:us-east-1:376763332544:function:e7dfc5ea-d75a-45ab-af5c-741cd635ed08:Release_0"
            }
          },
          "FE": {
            "endpoint": {
              "uri": "arn:aws:lambda:us-west-2:376763332544:function:e7dfc5ea-d75a-45ab-af5c-741cd635ed08:Release_0"
            }
          }
        }
      }
    },
    "manifestVersion": "1.0",
    "privacyAndCompliance": {
      "allowsPurchases": false,
      "locales": {
        "en-US": {
          "privacyPolicyUrl": "https://doctor-prompter.github.io/"
        }
      },
      "containsAds": false,
      "isExportCompliant": true,
      "isChildDirected": false,
      "shoppingKit": {
        "isShoppingActionsEnabled": false,
        "isAmazonAssociatesOnAlexaEnabled": false
      },
      "usesPersonalInfo": true
    }
  }
}